timestamp_et,expiry,dte,spot,put_call_iv_spread_vol_points,put_call_iv_ratio,official_skew_close,official_skew_percentile_2y,source_mode,market_date
2026-09-10T15:03:34.898001-04:00,2026-10-09,29,7588.02978515625,3.1644504718780526,1.248661434811732,149.25,63.12625250501002,,
2026-09-10T15:21:16.739954-04:00,2026-10-09,29,7587.080078125,3.6662688789367683,1.2870015719001258,149.25,63.12625250501002,,
2026-09-10T15:45:23.248756-04:00,2026-10-09,29,7589.25,3.366818138122554,1.263567944855372,149.25,63.12625250501002,,
2026-09-10T16:34:49.741123-04:00,2026-10-09,29,7589.25,3.366818138122554,1.263567944855372,149.25,63.05220883534137,FINAL_CLOSE_OFFICIAL_SKEW_WITH_LAST_VALID_INTRADAY_PROXY,
2026-09-10T16:43:46.803830-04:00,2026-10-09,29,7592.2998046875,2.856416748046875,1.2204646975809366,149.25,63.05220883534137,LIVE_SPX_OPTIONS,
2026-09-11T10:33:41.824839-04:00,2026-10-12,31,7664.06982421875,3.094070011138922,1.2811767752247751,147.02000427246094,54.10821643286573,LIVE_SPX_OPTIONS,2026-09-11
2026-09-11T10:42:13.498933-04:00,2026-10-12,31,7671.3798828125,2.641651439666753,1.2388868338589638,147.02000427246094,54.10821643286573,LIVE_SPX_OPTIONS,2026-09-11
2026-09-11T10:59:36.088251-04:00,2026-10-12,31,7654.02978515625,2.841348844528202,1.2524904857944563,147.02000427246094,54.10821643286573,LIVE_SPX_OPTIONS,2026-09-11
2026-09-11T11:07:39.146781-04:00,2026-10-12,31,7654.02978515625,2.841348844528202,1.2524904857944563,147.02000427246094,54.10821643286573,FINAL_CLOSE_OFFICIAL_SKEW_WITH_LAST_VALID_INTRADAY_PROXY,2026-09-11
2026-09-11T11:28:53.544151-04:00,2026-10-12,31,7654.02978515625,2.841348844528202,1.2524904857944563,147.02000427246094,54.10821643286573,FINAL_CLOSE_OFFICIAL_SKEW_WITH_LAST_VALID_INTRADAY_PROXY,2026-09-11
2026-09-11T11:42:01.699868-04:00,2026-10-12,31,7673.89990234375,2.838678583145145,1.2603960588111778,147.02000427246094,54.10821643286573,LIVE_SPX_OPTIONS,2026-09-11
2026-09-11T11:57:33.324904-04:00,2026-10-12,31,7673.3798828125,2.609608303070074,1.23677325396034,147.02000427246094,54.10821643286573,LIVE_SPX_OPTIONS,2026-09-11
2026-09-11T12:07:02.420271-04:00,2026-10-12,31,7673.3798828125,2.609608303070074,1.23677325396034,147.02000427246094,54.10821643286573,FINAL_CLOSE_OFFICIAL_SKEW_WITH_LAST_VALID_INTRADAY_PROXY,2026-09-11
2026-09-11T12:21:03.274865-04:00,2026-10-12,31,7673.3798828125,2.609608303070074,1.23677325396034,147.02000427246094,54.10821643286573,FINAL_CLOSE_OFFICIAL_SKEW_WITH_LAST_VALID_INTRADAY_PROXY,2026-09-11
2026-09-11T12:26:28.263302-04:00,2026-10-12,31,7673.3798828125,2.609608303070074,1.23677325396034,147.02000427246094,54.10821643286573,FINAL_CLOSE_OFFICIAL_SKEW_WITH_LAST_VALID_INTRADAY_PROXY,2026-09-11
2026-09-11T12:36:40.469694-04:00,2026-10-12,31,7668.06982421875,2.496503660202032,1.226346603024018,147.02000427246094,54.10821643286573,LIVE_SPX_OPTIONS,2026-09-11
2026-09-11T12:48:03.352205-04:00,2026-10-12,31,7668.06982421875,2.496503660202032,1.226346603024018,147.02000427246094,54.10821643286573,FINAL_CLOSE_OFFICIAL_SKEW_WITH_LAST_VALID_INTRADAY_PROXY,2026-09-11
2026-09-11T12:57:18.213394-04:00,2026-10-12,31,7665.1201171875,2.632305524826048,1.2396662575940158,147.02000427246094,54.10821643286573,LIVE_SPX_OPTIONS,2026-09-11
2026-09-11T13:04:48.311739-04:00,2026-10-12,31,7667.18017578125,2.622196678161623,1.2397743472981728,147.02000427246094,54.10821643286573,LIVE_SPX_OPTIONS,2026-09-11
2026-09-11T13:09:19.278207-04:00,2026-10-12,31,7667.169921875,2.6191449508667017,1.2391532750816614,147.02000427246094,54.10821643286573,LIVE_SPX_OPTIONS,2026-09-11
2026-09-11T13:19:35.057687-04:00,2026-10-12,31,7670.169921875,2.547238626480107,1.2323447442705484,147.02000427246094,54.10821643286573,LIVE_SPX_OPTIONS,2026-09-11
2026-09-11T13:31:47.736935-04:00,2026-10-12,31,7670.169921875,2.547238626480107,1.2323447442705484,147.02000427246094,54.10821643286573,FINAL_CLOSE_OFFICIAL_SKEW_WITH_LAST_VALID_INTRADAY_PROXY,2026-09-11
2026-09-11T13:39:01.809422-04:00,2026-10-12,31,7670.169921875,2.547238626480107,1.2323447442705484,147.02000427246094,54.10821643286573,FINAL_CLOSE_OFFICIAL_SKEW_WITH_LAST_VALID_INTRADAY_PROXY,2026-09-11
2026-09-11T13:44:11.244761-04:00,2026-10-12,31,7673.169921875,2.529691194534309,1.2299679942662343,147.02000427246094,54.10821643286573,LIVE_SPX_OPTIONS,2026-09-11
2026-09-11T13:51:30.305833-04:00,2026-10-12,31,7673.169921875,2.529691194534309,1.2299679942662343,147.02000427246094,54.10821643286573,FINAL_CLOSE_OFFICIAL_SKEW_WITH_LAST_VALID_INTRADAY_PROXY,2026-09-11
2026-09-11T13:55:12.863703-04:00,2026-10-12,31,7673.169921875,2.529691194534309,1.2299679942662343,147.02000427246094,54.10821643286573,FINAL_CLOSE_OFFICIAL_SKEW_WITH_LAST_VALID_INTRADAY_PROXY,2026-09-11
2026-09-11T14:02:26.297952-04:00,2026-10-12,31,7670.990234375,2.545140563964844,1.233387727198119,147.02000427246094,54.10821643286573,LIVE_SPX_OPTIONS,2026-09-11
2026-09-11T14:10:20.712313-04:00,2026-10-12,31,7671.5400390625,2.556966007232664,1.2348582355830884,147.02000427246094,54.10821643286573,LIVE_SPX_OPTIONS,2026-09-11
2026-09-11T14:16:37.065448-04:00,2026-10-12,31,7671.35986328125,2.616283956527715,1.2411854730404084,147.02000427246094,54.10821643286573,LIVE_SPX_OPTIONS,2026-09-11
2026-09-11T14:30:00.430353-04:00,2026-10-12,31,7671.35986328125,2.616283956527715,1.2411854730404084,147.02000427246094,54.10821643286573,FINAL_CLOSE_OFFICIAL_SKEW_WITH_LAST_VALID_INTRADAY_PROXY,2026-09-11
2026-09-11T14:43:44.884103-04:00,2026-10-12,31,7666.39990234375,2.5718431777954103,1.2374058898605638,147.02000427246094,54.10821643286573,LIVE_SPX_OPTIONS,2026-09-11
2026-09-11T14:51:20.948158-04:00,2026-10-12,31,7666.39990234375,2.5718431777954103,1.2374058898605638,147.02000427246094,54.10821643286573,FINAL_CLOSE_OFFICIAL_SKEW_WITH_LAST_VALID_INTRADAY_PROXY,2026-09-11
2026-09-11T15:02:06.622219-04:00,2026-10-12,31,7664.52001953125,2.382445352554324,1.2148241089045897,147.02000427246094,54.10821643286573,LIVE_SPX_OPTIONS,2026-09-11
2026-09-11T15:07:40.051897-04:00,2026-10-12,31,7664.52001953125,2.382445352554324,1.2148241089045897,147.02000427246094,54.10821643286573,FINAL_CLOSE_OFFICIAL_SKEW_WITH_LAST_VALID_INTRADAY_PROXY,2026-09-11
2026-09-11T15:13:31.427365-04:00,2026-10-12,31,7664.52001953125,2.382445352554324,1.2148241089045897,147.02000427246094,54.10821643286573,FINAL_CLOSE_OFFICIAL_SKEW_WITH_LAST_VALID_INTRADAY_PROXY,2026-09-11
2026-09-11T15:24:07.146729-04:00,2026-10-12,31,7664.52001953125,2.382445352554324,1.2148241089045897,147.02000427246094,54.10821643286573,FINAL_CLOSE_OFFICIAL_SKEW_WITH_LAST_VALID_INTRADAY_PROXY,2026-09-11
2026-09-11T15:32:16.914049-04:00,2026-10-12,31,7664.009765625,2.552579149246223,1.23250019141717,147.02000427246094,54.10821643286573,LIVE_SPX_OPTIONS,2026-09-11
2026-09-11T15:41:00.028056-04:00,2026-10-12,31,7665.22021484375,2.516339887619025,1.228857432357417,147.02000427246094,54.10821643286573,LIVE_SPX_OPTIONS,2026-09-11
2026-09-11T15:48:12.862912-04:00,2026-10-12,31,7662.68994140625,2.435659847259522,1.221527386309548,147.02000427246094,54.10821643286573,LIVE_SPX_OPTIONS,2026-09-11
2026-09-11T15:53:35.791558-04:00,2026-10-12,31,7662.60986328125,2.4890650749206573,1.2269674045994927,147.02000427246094,54.10821643286573,LIVE_SPX_OPTIONS,2026-09-11
2026-09-11T15:58:43.695428-04:00,2026-10-12,31,7663.259765625,2.425741733551029,1.221300983814133,147.02000427246094,54.10821643286573,LIVE_SPX_OPTIONS,2026-09-11
2026-09-11T16:04:36.577456-04:00,2026-10-12,31,7661.31005859375,2.4467223587036138,1.2231606872820158,147.02000427246094,54.01606425702811,LIVE_SPX_OPTIONS,2026-09-11
2026-09-11T16:09:52.769239-04:00,2026-10-12,31,7659.0498046875,2.9046721858978275,1.2667718038131526,147.02000427246094,54.01606425702811,LIVE_SPX_OPTIONS,2026-09-11
2026-09-11T16:20:30.818173-04:00,2026-10-12,31,7659.0498046875,2.9046721858978275,1.2667718038131526,147.02000427246094,54.01606425702811,FINAL_CLOSE_OFFICIAL_SKEW_WITH_LAST_VALID_INTRADAY_PROXY,2026-09-11
2026-09-11T16:29:06.410700-04:00,2026-10-12,31,7659.0498046875,2.9046721858978275,1.2667718038131526,147.02000427246094,54.01606425702811,FINAL_CLOSE_OFFICIAL_SKEW_WITH_LAST_VALID_INTRADAY_PROXY,2026-09-11
2026-09-11T16:41:37.686781-04:00,2026-10-12,31,7655.5,2.7715405826568644,1.253713588684748,147.02000427246094,54.01606425702811,LIVE_SPX_OPTIONS,2026-09-11
2026-09-14T10:07:09.405048-04:00,2026-10-14,30,7617.14990234375,3.416027240753176,1.284415538997986,154.49000549316406,79.87927565392354,LIVE_SPX_OPTIONS,2026-09-14
2026-09-14T10:23:46.270580-04:00,2026-10-14,30,7617.14990234375,3.416027240753176,1.284415538997986,154.49000549316406,79.87927565392354,FINAL_CLOSE_OFFICIAL_SKEW_WITH_LAST_VALID_INTRADAY_PROXY,2026-09-14
2026-09-14T10:39:58.159962-04:00,2026-10-14,30,7601.89990234375,3.5491588439941406,1.2912905126107628,154.49000549316406,79.87927565392354,LIVE_SPX_OPTIONS,2026-09-14
2026-09-14T10:52:45.447421-04:00,2026-10-14,30,7597.2900390625,3.491748224258423,1.285128036836952,154.49000549316406,79.87927565392354,LIVE_SPX_OPTIONS,2026-09-14
2026-09-14T11:05:21.085121-04:00,2026-10-14,30,7598.41015625,3.395046615600587,1.2774865946888778,154.49000549316406,79.87927565392354,LIVE_SPX_OPTIONS,2026-09-14
2026-09-14T11:14:50.041351-04:00,2026-10-14,30,7598.06982421875,3.5968420829772976,1.2965409394208358,154.49000549316406,79.87927565392354,LIVE_SPX_OPTIONS,2026-09-14
2026-09-14T11:29:08.918123-04:00,2026-10-14,30,7598.06982421875,3.5968420829772976,1.2965409394208358,154.49000549316406,79.87927565392354,FINAL_CLOSE_OFFICIAL_SKEW_WITH_LAST_VALID_INTRADAY_PROXY,2026-09-14
2026-09-14T11:42:05.473071-04:00,2026-10-14,30,7598.06982421875,3.5968420829772976,1.2965409394208358,154.49000549316406,79.87927565392354,FINAL_CLOSE_OFFICIAL_SKEW_WITH_LAST_VALID_INTRADAY_PROXY,2026-09-14
2026-09-14T11:56:02.775491-04:00,2026-10-14,30,7625.14013671875,2.8995223960876477,1.245759417641781,154.49000549316406,79.87927565392354,LIVE_SPX_OPTIONS,2026-09-14
2026-09-14T12:00:22.399801-04:00,2026-10-14,30,7634.10009765625,3.1669300003051792,1.2726739322854719,154.49000549316406,79.87927565392354,LIVE_SPX_OPTIONS,2026-09-14
2026-09-14T12:22:53.798822-04:00,2026-10-14,30,7626.66015625,2.850885492324831,1.2397264115907052,154.49000549316406,79.87927565392354,LIVE_SPX_OPTIONS,2026-09-14
2026-09-14T12:34:41.223252-04:00,2026-10-14,30,7636.5400390625,3.137175659179686,1.2698107717100073,154.49000549316406,79.87927565392354,LIVE_SPX_OPTIONS,2026-09-14
2026-09-14T12:50:03.047084-04:00,2026-10-14,30,7636.5400390625,3.137175659179686,1.2698107717100073,154.49000549316406,79.87927565392354,FINAL_CLOSE_OFFICIAL_SKEW_WITH_LAST_VALID_INTRADAY_PROXY,2026-09-14
2026-09-14T13:02:07.609658-04:00,2026-10-14,30,7640.7099609375,3.596651350021364,1.3145179483511091,154.49000549316406,79.87927565392354,LIVE_SPX_OPTIONS,2026-09-14
2026-09-14T13:10:32.143980-04:00,2026-10-14,30,7644.64990234375,2.939576316833492,1.2523692657702132,154.49000549316406,79.87927565392354,LIVE_SPX_OPTIONS,2026-09-14
2026-09-14T13:15:17.082921-04:00,2026-10-14,30,7642.080078125,3.2500895690917964,1.2802436010746199,154.49000549316406,79.87927565392354,LIVE_SPX_OPTIONS,2026-09-14
2026-09-14T13:26:35.313667-04:00,2026-10-14,30,7638.43994140625,3.179709108352666,1.2731283262328132,154.49000549316406,79.87927565392354,LIVE_SPX_OPTIONS,2026-09-14
2026-09-14T13:32:37.292776-04:00,2026-10-14,30,7638.43994140625,3.179709108352666,1.2731283262328132,154.49000549316406,79.87927565392354,FINAL_CLOSE_OFFICIAL_SKEW_WITH_LAST_VALID_INTRADAY_PROXY,2026-09-14
2026-09-14T13:41:10.575114-04:00,2026-10-14,30,7635.240234375,3.138129323959353,1.2682120998741995,154.49000549316406,79.87927565392354,LIVE_SPX_OPTIONS,2026-09-14
2026-09-14T13:50:56.939779-04:00,2026-10-14,30,7635.240234375,3.138129323959353,1.2682120998741995,154.49000549316406,79.87927565392354,FINAL_CLOSE_OFFICIAL_SKEW_WITH_LAST_VALID_INTRADAY_PROXY,2026-09-14
2026-09-14T14:01:00.539460-04:00,2026-10-14,30,7635.240234375,3.138129323959353,1.2682120998741995,154.49000549316406,79.87927565392354,FINAL_CLOSE_OFFICIAL_SKEW_WITH_LAST_VALID_INTRADAY_PROXY,2026-09-14
2026-09-14T14:13:09.226673-04:00,2026-10-14,30,7639.669921875,3.198782403945924,1.2753938240649825,154.49000549316406,79.87927565392354,LIVE_SPX_OPTIONS,2026-09-14
2026-09-14T14:29:41.920739-04:00,2026-10-14,30,7639.669921875,3.198782403945924,1.2753938240649825,154.49000549316406,79.87927565392354,FINAL_CLOSE_OFFICIAL_SKEW_WITH_LAST_VALID_INTRADAY_PROXY,2026-09-14
2026-09-14T14:42:55.978915-04:00,2026-10-14,30,7639.669921875,3.198782403945924,1.2753938240649825,154.49000549316406,79.87927565392354,FINAL_CLOSE_OFFICIAL_SKEW_WITH_LAST_VALID_INTRADAY_PROXY,2026-09-14
2026-09-14T14:55:32.962666-04:00,2026-10-14,30,7636.02001953125,3.2046951255798346,1.2767025588744636,154.49000549316406,79.87927565392354,LIVE_SPX_OPTIONS,2026-09-14
2026-09-14T15:07:41.594414-04:00,2026-10-14,30,7636.02001953125,3.2046951255798346,1.2767025588744636,154.49000549316406,79.87927565392354,FINAL_CLOSE_OFFICIAL_SKEW_WITH_LAST_VALID_INTRADAY_PROXY,2026-09-14
2026-09-14T15:19:13.751117-04:00,2026-10-14,30,7631.56982421875,2.8770159072875985,1.2426046009404894,154.49000549316406,79.87927565392354,LIVE_SPX_OPTIONS,2026-09-14
2026-09-14T15:28:39.303363-04:00,2026-10-14,30,7632.43994140625,2.92279181671143,1.2474836460245915,154.49000549316406,79.87927565392354,LIVE_SPX_OPTIONS,2026-09-14
2026-09-14T15:38:44.322426-04:00,2026-10-14,30,7629.2001953125,2.8859803562164332,1.2441655750244265,154.49000549316406,79.87927565392354,LIVE_SPX_OPTIONS,2026-09-14
2026-09-14T15:51:13.244538-04:00,2026-10-14,30,7628.60986328125,2.843446907043455,1.2404390366524316,154.49000549316406,79.87927565392354,LIVE_SPX_OPTIONS,2026-09-14
2026-09-14T15:57:28.914171-04:00,2026-10-14,30,7628.60986328125,2.843446907043455,1.2404390366524316,154.49000549316406,79.87927565392354,FINAL_CLOSE_OFFICIAL_SKEW_WITH_LAST_VALID_INTRADAY_PROXY,2026-09-14
2026-09-14T16:03:03.066299-04:00,2026-10-14,30,7629.85009765625,2.8781603050231945,1.2436651779590562,154.49000549316406,79.87927565392354,LIVE_SPX_OPTIONS,2026-09-14
2026-09-14T16:12:54.532802-04:00,2026-10-14,30,7629.85009765625,2.8781603050231945,1.2436651779590562,154.49000549316406,79.87927565392354,FINAL_CLOSE_OFFICIAL_SKEW_WITH_LAST_VALID_INTRADAY_PROXY,2026-09-14
2026-09-14T16:28:30.575726-04:00,2026-10-14,30,7620.3701171875,3.2289182109832835,1.2720250336043224,154.49000549316406,79.87927565392354,LIVE_SPX_OPTIONS,2026-09-14
2026-09-15T10:13:59.990353-04:00,2026-10-15,30,7607.8798828125,3.2262479496002237,1.2715818766590397,152.08999633789062,72.08835341365462,LIVE_SPX_OPTIONS,2026-09-15
2026-09-15T10:35:56.498526-04:00,2026-10-15,30,7593.4501953125,3.3244754219055177,1.2718457501107587,152.08999633789062,72.08835341365462,LIVE_SPX_OPTIONS,2026-09-15
2026-09-15T10:52:24.372405-04:00,2026-10-15,30,7586.25,3.3206607627868703,1.2720939892091305,152.08999633789062,72.08835341365462,LIVE_SPX_OPTIONS,2026-09-15
2026-09-15T11:02:17.631485-04:00,2026-10-15,30,7586.25,3.3206607627868703,1.2720939892091305,152.08999633789062,72.08835341365462,FINAL_CLOSE_OFFICIAL_SKEW_WITH_LAST_VALID_INTRADAY_PROXY,2026-09-15
2026-09-15T11:08:18.128120-04:00,2026-10-15,30,7586.25,3.3206607627868703,1.2720939892091305,152.08999633789062,72.08835341365462,FINAL_CLOSE_OFFICIAL_SKEW_WITH_LAST_VALID_INTRADAY_PROXY,2026-09-15
2026-09-15T11:19:12.176501-04:00,2026-10-15,30,7581.740234375,3.796730220794678,1.3099597437088564,152.08999633789062,72.08835341365462,LIVE_SPX_OPTIONS,2026-09-15
2026-09-15T11:33:30.644005-04:00,2026-10-15,30,7583.81982421875,3.7452323226928708,1.3025892853042675,152.08999633789062,72.08835341365462,LIVE_SPX_OPTIONS,2026-09-15
2026-09-15T11:51:35.732784-04:00,2026-10-15,30,7583.81982421875,3.7452323226928708,1.3025892853042675,152.08999633789062,72.08835341365462,FINAL_CLOSE_OFFICIAL_SKEW_WITH_LAST_VALID_INTRADAY_PROXY,2026-09-15
2026-09-15T11:55:09.642780-04:00,2026-10-15,30,7583.81982421875,3.7452323226928708,1.3025892853042675,152.08999633789062,72.08835341365462,FINAL_CLOSE_OFFICIAL_SKEW_WITH_LAST_VALID_INTRADAY_PROXY,2026-09-15
2026-09-15T12:00:29.166877-04:00,2026-10-15,30,7585.669921875,3.25962621688843,1.2639983913837871,152.08999633789062,72.08835341365462,LIVE_SPX_OPTIONS,2026-09-15
2026-09-15T12:07:37.019845-04:00,2026-10-15,30,7585.669921875,3.25962621688843,1.2639983913837871,152.08999633789062,72.08835341365462,FINAL_CLOSE_OFFICIAL_SKEW_WITH_LAST_VALID_INTRADAY_PROXY,2026-09-15
2026-09-15T12:15:01.408206-04:00,2026-10-15,30,7582.68994140625,3.6468141174316377,1.295905410740226,152.08999633789062,72.08835341365462,LIVE_SPX_OPTIONS,2026-09-15
2026-09-15T12:29:14.063798-04:00,2026-10-15,30,7579.169921875,3.636133071899414,1.2933137740529628,152.08999633789062,72.08835341365462,LIVE_SPX_OPTIONS,2026-09-15
2026-09-15T12:41:56.112500-04:00,2026-10-15,30,7587.68017578125,3.2382641258239753,1.2624507070986575,152.08999633789062,72.08835341365462,LIVE_SPX_OPTIONS,2026-09-15
2026-09-15T12:53:08.732649-04:00,2026-10-15,30,7587.68017578125,3.2382641258239753,1.2624507070986575,152.08999633789062,72.08835341365462,FINAL_CLOSE_OFFICIAL_SKEW_WITH_LAST_VALID_INTRADAY_PROXY,2026-09-15
2026-09-15T13:04:01.041296-04:00,2026-10-15,30,7587.68017578125,3.2382641258239753,1.2624507070986575,152.08999633789062,72.08835341365462,FINAL_CLOSE_OFFICIAL_SKEW_WITH_LAST_VALID_INTRADAY_PROXY,2026-09-15
2026-09-15T13:08:58.577942-04:00,2026-10-15,30,7587.68017578125,3.2382641258239753,1.2624507070986575,152.08999633789062,72.08835341365462,FINAL_CLOSE_OFFICIAL_SKEW_WITH_LAST_VALID_INTRADAY_PROXY,2026-09-15
2026-09-15T13:25:43.638107-04:00,2026-10-15,30,7587.68017578125,3.2382641258239753,1.2624507070986575,152.08999633789062,72.08835341365462,FINAL_CLOSE_OFFICIAL_SKEW_WITH_LAST_VALID_INTRADAY_PROXY,2026-09-15
2026-09-15T13:34:05.151640-04:00,2026-10-15,30,7580.4501953125,3.6613098220825147,1.297109192566702,152.08999633789062,72.08835341365462,LIVE_SPX_OPTIONS,2026-09-15
2026-09-15T13:41:58.666011-04:00,2026-10-15,30,7580.4501953125,3.6613098220825147,1.297109192566702,152.08999633789062,72.08835341365462,FINAL_CLOSE_OFFICIAL_SKEW_WITH_LAST_VALID_INTRADAY_PROXY,2026-09-15
2026-09-15T13:55:12.132328-04:00,2026-10-15,30,7582.52001953125,3.6943066234588624,1.30073638601629,152.08999633789062,72.08835341365462,LIVE_SPX_OPTIONS,2026-09-15
2026-09-15T13:59:41.061318-04:00,2026-10-15,30,7582.52001953125,3.6943066234588624,1.30073638601629,152.08999633789062,72.08835341365462,FINAL_CLOSE_OFFICIAL_SKEW_WITH_LAST_VALID_INTRADAY_PROXY,2026-09-15
2026-09-15T14:04:48.443747-04:00,2026-10-15,30,7582.52001953125,3.6943066234588624,1.30073638601629,152.08999633789062,72.08835341365462,FINAL_CLOSE_OFFICIAL_SKEW_WITH_LAST_VALID_INTRADAY_PROXY,2026-09-15
2026-09-15T14:14:01.459191-04:00,2026-10-15,30,7582.52001953125,3.6943066234588624,1.30073638601629,152.08999633789062,72.08835341365462,FINAL_CLOSE_OFFICIAL_SKEW_WITH_LAST_VALID_INTRADAY_PROXY,2026-09-15
2026-09-15T14:27:18.852265-04:00,2026-10-15,30,7582.52001953125,3.6943066234588624,1.30073638601629,152.08999633789062,72.08835341365462,FINAL_CLOSE_OFFICIAL_SKEW_WITH_LAST_VALID_INTRADAY_PROXY,2026-09-15
2026-09-15T14:40:10.227440-04:00,2026-10-15,30,7585.830078125,3.3036855297088636,1.2703861116835005,152.08999633789062,72.08835341365462,LIVE_SPX_OPTIONS,2026-09-15
2026-09-15T14:53:21.286756-04:00,2026-10-15,30,7584.10009765625,3.3223773593902592,1.2723112518449522,152.08999633789062,72.08835341365462,LIVE_SPX_OPTIONS,2026-09-15
2026-09-15T15:02:39.433266-04:00,2026-10-15,30,7584.10009765625,3.3223773593902592,1.2723112518449522,152.08999633789062,72.08835341365462,FINAL_CLOSE_OFFICIAL_SKEW_WITH_LAST_VALID_INTRADAY_PROXY,2026-09-15
2026-09-15T15:08:30.667954-04:00,2026-10-15,30,7582.2998046875,3.6849607086181666,1.3012948053852906,152.08999633789062,72.08835341365462,LIVE_SPX_OPTIONS,2026-09-15
2026-09-15T15:17:51.267075-04:00,2026-10-15,30,7582.2998046875,3.6849607086181666,1.3012948053852906,152.08999633789062,72.08835341365462,FINAL_CLOSE_OFFICIAL_SKEW_WITH_LAST_VALID_INTRADAY_PROXY,2026-09-15
2026-09-15T15:28:29.595670-04:00,2026-10-15,30,7582.2998046875,3.6849607086181666,1.3012948053852906,152.08999633789062,72.08835341365462,FINAL_CLOSE_OFFICIAL_SKEW_WITH_LAST_VALID_INTRADAY_PROXY,2026-09-15
2026-09-15T15:40:08.494465-04:00,2026-10-15,30,7582.2998046875,3.6849607086181666,1.3012948053852906,152.08999633789062,72.08835341365462,FINAL_CLOSE_OFFICIAL_SKEW_WITH_LAST_VALID_INTRADAY_PROXY,2026-09-15
2026-09-15T15:50:08.208534-04:00,2026-10-15,30,7580.22998046875,3.597986480712889,1.294666006686731,152.08999633789062,72.08835341365462,LIVE_SPX_OPTIONS,2026-09-15
2026-09-15T15:58:22.556734-04:00,2026-10-15,30,7580.22998046875,3.597986480712889,1.294666006686731,152.08999633789062,72.08835341365462,FINAL_CLOSE_OFFICIAL_SKEW_WITH_LAST_VALID_INTRADAY_PROXY,2026-09-15
2026-09-15T16:06:38.906065-04:00,2026-10-15,30,7578.2001953125,3.570902400970456,1.2917506213758985,152.08999633789062,72.08835341365462,LIVE_SPX_OPTIONS,2026-09-15
2026-09-15T16:13:38.468406-04:00,2026-10-15,30,7580.91015625,3.6716094017028826,1.3009258687074625,152.08999633789062,72.08835341365462,LIVE_SPX_OPTIONS,2026-09-15
2026-09-15T16:25:01.358109-04:00,2026-10-15,30,7580.91015625,3.6716094017028826,1.3009258687074625,152.08999633789062,72.08835341365462,FINAL_CLOSE_OFFICIAL_SKEW_WITH_LAST_VALID_INTRADAY_PROXY,2026-09-15
2026-09-15T16:33:26.663865-04:00,2026-10-15,30,7580.91015625,3.6716094017028826,1.3009258687074625,152.08999633789062,72.08835341365462,FINAL_CLOSE_OFFICIAL_SKEW_WITH_LAST_VALID_INTRADAY_PROXY,2026-09-15
2026-09-15T16:42:16.246260-04:00,2026-10-15,30,7580.91015625,3.6716094017028826,1.3009258687074625,152.08999633789062,72.08835341365462,FINAL_CLOSE_OFFICIAL_SKEW_WITH_LAST_VALID_INTRADAY_PROXY,2026-09-15
2026-09-16T09:48:45.357543-04:00,2026-10-16,30,7604.5498046875,3.012817771911619,1.2471707317541687,146.61000061035156,51.90380761523046,LIVE_SPX_OPTIONS,2026-09-16
2026-09-16T09:59:12.743038-04:00,2026-10-16,30,7598.2099609375,3.0254061470031774,1.2468131395752786,146.61000061035156,51.90380761523046,LIVE_SPX_OPTIONS,2026-09-16
2026-09-16T10:10:45.677508-04:00,2026-10-16,30,7614.2001953125,2.941865112304687,1.243829785886744,146.61000061035156,51.90380761523046,LIVE_SPX_OPTIONS,2026-09-16
2026-09-16T10:18:24.013184-04:00,2026-10-16,30,7609.97021484375,2.7705869178771962,1.2291194551878444,146.61000061035156,51.90380761523046,LIVE_SPX_OPTIONS,2026-09-16
2026-09-16T10:32:23.657007-04:00,2026-10-16,30,7607.08984375,3.028076408386232,1.2502788643000882,146.61000061035156,51.90380761523046,LIVE_SPX_OPTIONS,2026-09-16
2026-09-16T10:46:35.849395-04:00,2026-10-16,30,7600.7998046875,3.046386772155765,1.2497176256330609,146.61000061035156,51.90380761523046,LIVE_SPX_OPTIONS,2026-09-16
2026-09-16T10:57:13.568930-04:00,2026-10-16,30,7600.7998046875,3.046386772155765,1.2497176256330609,146.61000061035156,51.90380761523046,FINAL_CLOSE_OFFICIAL_SKEW_WITH_LAST_VALID_INTRADAY_PROXY,2026-09-16
2026-09-16T11:08:27.033409-04:00,2026-10-16,30,7600.7998046875,3.046386772155765,1.2497176256330609,146.61000061035156,51.90380761523046,FINAL_CLOSE_OFFICIAL_SKEW_WITH_LAST_VALID_INTRADAY_PROXY,2026-09-16
2026-09-16T11:13:42.183941-04:00,2026-10-16,30,7600.7998046875,3.046386772155765,1.2497176256330609,146.61000061035156,51.90380761523046,FINAL_CLOSE_OFFICIAL_SKEW_WITH_LAST_VALID_INTRADAY_PROXY,2026-09-16
2026-09-16T11:28:48.543425-04:00,2026-10-16,30,7617.52978515625,2.9746711807250996,1.2473190599140496,146.61000061035156,51.90380761523046,LIVE_SPX_OPTIONS,2026-09-16
2026-09-16T11:37:43.490193-04:00,2026-10-16,30,7615.7998046875,2.9369060554504403,1.2439045912097881,146.61000061035156,51.90380761523046,LIVE_SPX_OPTIONS,2026-09-16
2026-09-16T11:47:39.208785-04:00,2026-10-16,30,7612.240234375,2.7902324123382547,1.2307877630139943,146.61000061035156,51.90380761523046,LIVE_SPX_OPTIONS,2026-09-16
2026-09-16T11:58:23.621620-04:00,2026-10-16,30,7612.240234375,2.7902324123382547,1.2307877630139943,146.61000061035156,51.90380761523046,FINAL_CLOSE_OFFICIAL_SKEW_WITH_LAST_VALID_INTRADAY_PROXY,2026-09-16
2026-09-16T12:04:25.150569-04:00,2026-10-16,30,7612.240234375,2.7902324123382547,1.2307877630139943,146.61000061035156,51.90380761523046,FINAL_CLOSE_OFFICIAL_SKEW_WITH_LAST_VALID_INTRADAY_PROXY,2026-09-16
2026-09-16T12:16:02.618215-04:00,2026-10-16,30,7618.27001953125,2.992600078582766,1.2486637968762342,146.61000061035156,51.90380761523046,LIVE_SPX_OPTIONS,2026-09-16
2026-09-16T12:27:46.029871-04:00,2026-10-16,30,7613.330078125,2.864046066284182,1.2374700284792608,146.61000061035156,51.90380761523046,LIVE_SPX_OPTIONS,2026-09-16
2026-09-16T12:37:43.467318-04:00,2026-10-16,30,7610.97021484375,2.8270438728332543,1.2327822381487505,146.61000061035156,51.90380761523046,LIVE_SPX_OPTIONS,2026-09-16
2026-09-16T12:48:02.866344-04:00,2026-10-16,30,7609.509765625,3.031891067504887,1.2510294682311556,146.61000061035156,51.90380761523046,LIVE_SPX_OPTIONS,2026-09-16
2026-09-16T12:57:18.829265-04:00,2026-10-16,30,7609.6201171875,2.8194145545959506,1.2340952273446473,146.61000061035156,51.90380761523046,LIVE_SPX_OPTIONS,2026-09-16
2026-09-16T13:09:17.085242-04:00,2026-10-16,30,7609.18017578125,2.84382837295532,1.2361297790161876,146.61000061035156,51.90380761523046,LIVE_SPX_OPTIONS,2026-09-16
2026-09-16T13:15:52.649421-04:00,2026-10-16,30,7607.08984375,2.9374782543182403,1.2415152008550614,146.61000061035156,51.90380761523046,LIVE_SPX_OPTIONS,2026-09-16
2026-09-16T13:27:02.293107-04:00,2026-10-16,30,7606.1298828125,3.0479126358032236,1.2511897602505828,146.61000061035156,51.90380761523046,LIVE_SPX_OPTIONS,2026-09-16
2026-09-16T13:36:16.312509-04:00,2026-10-16,30,7609.47998046875,3.0582122154235862,1.2535050105995658,146.61000061035156,51.90380761523046,LIVE_SPX_OPTIONS,2026-09-16
2026-09-16T13:46:22.780086-04:00,2026-10-16,30,7609.47998046875,3.0582122154235862,1.2535050105995658,146.61000061035156,51.90380761523046,FINAL_CLOSE_OFFICIAL_SKEW_WITH_LAST_VALID_INTRADAY_PROXY,2026-09-16
2026-09-16T13:56:29.422879-04:00,2026-10-16,30,7609.47998046875,3.0582122154235862,1.2535050105995658,146.61000061035156,51.90380761523046,FINAL_CLOSE_OFFICIAL_SKEW_WITH_LAST_VALID_INTRADAY_PROXY,2026-09-16
2026-09-16T14:02:35.127966-04:00,2026-10-16,30,7608.18017578125,3.1333610000610412,1.260657464146752,146.61000061035156,51.90380761523046,LIVE_SPX_OPTIONS,2026-09-16
2026-09-16T14:08:53.857733-04:00,2026-10-16,30,7608.7099609375,3.1045603237152135,1.2580855156760753,146.61000061035156,51.90380761523046,LIVE_SPX_OPTIONS,2026-09-16
2026-09-16T14:18:01.534581-04:00,2026-10-16,30,7608.7099609375,3.1045603237152135,1.2580855156760753,146.61000061035156,51.90380761523046,FINAL_CLOSE_OFFICIAL_SKEW_WITH_LAST_VALID_INTRADAY_PROXY,2026-09-16
2026-09-16T14:30:13.312081-04:00,2026-10-16,30,7608.7099609375,3.1045603237152135,1.2580855156760753,146.61000061035156,51.90380761523046,FINAL_CLOSE_OFFICIAL_SKEW_WITH_LAST_VALID_INTRADAY_PROXY,2026-09-16
2026-09-16T14:42:52.039379-04:00,2026-10-16,30,7608.7099609375,3.1045603237152135,1.2580855156760753,146.61000061035156,51.90380761523046,FINAL_CLOSE_OFFICIAL_SKEW_WITH_LAST_VALID_INTRADAY_PROXY,2026-09-16
2026-09-16T14:56:16.821712-04:00,2026-10-16,30,7608.7099609375,3.1045603237152135,1.2580855156760753,146.61000061035156,51.90380761523046,FINAL_CLOSE_OFFICIAL_SKEW_WITH_LAST_VALID_INTRADAY_PROXY,2026-09-16
2026-09-16T15:04:11.213936-04:00,2026-10-16,30,7608.7099609375,3.1045603237152135,1.2580855156760753,146.61000061035156,51.90380761523046,FINAL_CLOSE_OFFICIAL_SKEW_WITH_LAST_VALID_INTRADAY_PROXY,2026-09-16
2026-09-16T15:11:08.794825-04:00,2026-10-16,30,7559.7900390625,3.0275042095184306,1.2378040125500915,146.61000061035156,51.90380761523046,LIVE_SPX_OPTIONS,2026-09-16
2026-09-16T15:27:41.550824-04:00,2026-10-16,30,7559.7900390625,3.0275042095184306,1.2378040125500915,146.61000061035156,51.90380761523046,FINAL_CLOSE_OFFICIAL_SKEW_WITH_LAST_VALID_INTRADAY_PROXY,2026-09-16
2026-09-16T15:32:48.090045-04:00,2026-10-16,30,7526.169921875,3.8980094203949047,1.3059740641830329,146.61000061035156,51.90380761523046,LIVE_SPX_OPTIONS,2026-09-16
2026-09-16T15:45:45.494130-04:00,2026-10-16,30,7524.91015625,3.9990978870391936,1.3110035220665248,146.61000061035156,51.90380761523046,LIVE_SPX_OPTIONS,2026-09-16
2026-09-16T15:51:52.661160-04:00,2026-10-16,30,7527.14013671875,3.1533879604339594,1.2424291553308262,146.61000061035156,51.90380761523046,LIVE_SPX_OPTIONS,2026-09-16
2026-09-16T15:56:34.761399-04:00,2026-10-16,30,7538.64013671875,3.550875440597538,1.2841455298743292,146.61000061035156,51.90380761523046,LIVE_SPX_OPTIONS,2026-09-16
2026-09-16T16:01:22.255574-04:00,2026-10-16,30,7540.02978515625,3.8135147209167513,1.310527351217423,146.61000061035156,52.00803212851405,LIVE_SPX_OPTIONS,2026-09-16
2026-09-16T16:07:50.308813-04:00,2026-10-16,30,7540.02978515625,3.8135147209167513,1.310527351217423,146.61000061035156,52.00803212851405,FINAL_CLOSE_OFFICIAL_SKEW_WITH_LAST_VALID_INTRADAY_PROXY,2026-09-16
2026-09-16T16:16:57.516085-04:00,2026-10-16,30,7540.02978515625,3.8135147209167513,1.310527351217423,146.61000061035156,52.00803212851405,FINAL_CLOSE_OFFICIAL_SKEW_WITH_LAST_VALID_INTRADAY_PROXY,2026-09-16
2026-09-16T16:30:48.749322-04:00,2026-10-16,30,7553.330078125,3.209654182434088,1.2538112297102821,146.61000061035156,52.00803212851405,LIVE_SPX_OPTIONS,2026-09-16
2026-09-16T16:40:34.203876-04:00,2026-10-16,30,7553.330078125,3.3939022178649885,1.2699936941017522,146.61000061035156,52.00803212851405,LIVE_SPX_OPTIONS,2026-09-16
2026-09-17T09:56:21.908293-04:00,2026-10-16,29,7622.56005859375,2.6141858940124525,1.2275487643156724,145.9499969482422,49.498997995991985,LIVE_SPX_OPTIONS,2026-09-17
2026-09-17T10:07:29.873256-04:00,2026-10-16,29,7625.080078125,2.3093946304321267,1.1999133413890022,145.9499969482422,49.498997995991985,LIVE_SPX_OPTIONS,2026-09-17
2026-09-17T10:15:05.917498-04:00,2026-10-16,29,7622.669921875,2.4715176429748533,1.2136054614560166,145.9499969482422,49.498997995991985,LIVE_SPX_OPTIONS,2026-09-17
2026-09-17T10:32:16.676408-04:00,2026-10-16,29,7622.669921875,2.4715176429748533,1.2136054614560166,145.9499969482422,49.498997995991985,FINAL_CLOSE_OFFICIAL_SKEW_WITH_LAST_VALID_INTRADAY_PROXY,2026-09-17
2026-09-17T10:47:05.893145-04:00,2026-10-16,29,7622.669921875,2.4715176429748533,1.2136054614560166,145.9499969482422,49.498997995991985,FINAL_CLOSE_OFFICIAL_SKEW_WITH_LAST_VALID_INTRADAY_PROXY,2026-09-17
2026-09-17T10:52:08.327184-04:00,2026-10-16,29,7622.669921875,2.4715176429748533,1.2136054614560166,145.9499969482422,49.498997995991985,FINAL_CLOSE_OFFICIAL_SKEW_WITH_LAST_VALID_INTRADAY_PROXY,2026-09-17
2026-09-17T11:00:47.136954-04:00,2026-10-16,29,7622.669921875,2.4715176429748533,1.2136054614560166,145.9499969482422,49.498997995991985,FINAL_CLOSE_OFFICIAL_SKEW_WITH_LAST_VALID_INTRADAY_PROXY,2026-09-17
2026-09-17T11:04:27.995221-04:00,2026-10-16,29,7622.669921875,2.4715176429748533,1.2136054614560166,145.9499969482422,49.498997995991985,FINAL_CLOSE_OFFICIAL_SKEW_WITH_LAST_VALID_INTRADAY_PROXY,2026-09-17
2026-09-17T11:18:18.125064-04:00,2026-10-16,29,7622.669921875,2.4715176429748533,1.2136054614560166,145.9499969482422,49.498997995991985,FINAL_CLOSE_OFFICIAL_SKEW_WITH_LAST_VALID_INTRADAY_PROXY,2026-09-17
2026-09-17T11:29:05.628801-04:00,2026-10-16,29,7622.669921875,2.4715176429748533,1.2136054614560166,145.9499969482422,49.498997995991985,FINAL_CLOSE_OFFICIAL_SKEW_WITH_LAST_VALID_INTRADAY_PROXY,2026-09-17
2026-09-17T11:43:13.070125-04:00,2026-10-16,29,7622.669921875,2.4715176429748533,1.2136054614560166,145.9499969482422,49.498997995991985,FINAL_CLOSE_OFFICIAL_SKEW_WITH_LAST_VALID_INTRADAY_PROXY,2026-09-17
2026-09-17T11:52:48.489574-04:00,2026-10-16,29,7622.669921875,2.4715176429748533,1.2136054614560166,145.9499969482422,49.498997995991985,FINAL_CLOSE_OFFICIAL_SKEW_WITH_LAST_VALID_INTRADAY_PROXY,2026-09-17
2026-09-17T12:02:41.703141-04:00,2026-10-16,29,7622.669921875,2.4715176429748533,1.2136054614560166,145.9499969482422,49.498997995991985,FINAL_CLOSE_OFFICIAL_SKEW_WITH_LAST_VALID_INTRADAY_PROXY,2026-09-17
2026-09-17T12:09:45.013875-04:00,2026-10-16,29,7635.14013671875,2.4570219383239738,1.215370365632118,145.9499969482422,49.498997995991985,LIVE_SPX_OPTIONS,2026-09-17
2026-09-17T12:19:42.151286-04:00,2026-10-16,29,7635.64013671875,2.372717971801758,1.2075227222620892,145.9499969482422,49.498997995991985,LIVE_SPX_OPTIONS,2026-09-17
2026-09-17T12:31:26.833495-04:00,2026-10-16,29,7634.5,2.4837245521545426,1.219405683126559,145.9499969482422,49.498997995991985,LIVE_SPX_OPTIONS,2026-09-17
2026-09-17T12:40:22.886441-04:00,2026-10-16,29,7636.6201171875,2.416014352798465,1.2133560412480817,145.9499969482422,49.498997995991985,LIVE_SPX_OPTIONS,2026-09-17
2026-09-17T12:50:51.265996-04:00,2026-10-16,29,7632.68017578125,2.475904500961304,1.2183249568896488,145.9499969482422,49.498997995991985,LIVE_SPX_OPTIONS,2026-09-17
2026-09-17T13:03:59.130588-04:00,2026-10-16,29,7632.68017578125,2.475904500961304,1.2183249568896488,145.9499969482422,49.498997995991985,FINAL_CLOSE_OFFICIAL_SKEW_WITH_LAST_VALID_INTRADAY_PROXY,2026-09-17
2026-09-17T13:09:01.994320-04:00,2026-10-16,29,7636.43994140625,2.436804244995118,1.2165157930634063,145.9499969482422,49.498997995991985,LIVE_SPX_OPTIONS,2026-09-17
2026-09-17T13:16:18.669705-04:00,2026-10-16,29,7636.43994140625,2.436804244995118,1.2165157930634063,145.9499969482422,49.498997995991985,FINAL_CLOSE_OFFICIAL_SKEW_WITH_LAST_VALID_INTRADAY_PROXY,2026-09-17
2026-09-17T13:26:50.142451-04:00,2026-10-16,29,7634.77001953125,2.4915446033477813,1.2205796324623706,145.9499969482422,49.498997995991985,LIVE_SPX_OPTIONS,2026-09-17
2026-09-17T13:39:22.055067-04:00,2026-10-16,29,7634.77001953125,2.4915446033477813,1.2205796324623706,145.9499969482422,49.498997995991985,FINAL_CLOSE_OFFICIAL_SKEW_WITH_LAST_VALID_INTRADAY_PROXY,2026-09-17
2026-09-17T13:46:10.850837-04:00,2026-10-16,29,7630.47998046875,2.492116802215574,1.2200061720750668,145.9499969482422,49.498997995991985,LIVE_SPX_OPTIONS,2026-09-17
2026-09-17T13:50:55.317358-04:00,2026-10-16,29,7630.47998046875,2.492116802215574,1.2200061720750668,145.9499969482422,49.498997995991985,FINAL_CLOSE_OFFICIAL_SKEW_WITH_LAST_VALID_INTRADAY_PROXY,2026-09-17
2026-09-17T14:00:25.139549-04:00,2026-10-16,29,7630.47998046875,2.492116802215574,1.2200061720750668,145.9499969482422,49.498997995991985,FINAL_CLOSE_OFFICIAL_SKEW_WITH_LAST_VALID_INTRADAY_PROXY,2026-09-17
2026-09-17T14:06:25.162477-04:00,2026-10-16,29,7630.47998046875,2.492116802215574,1.2200061720750668,145.9499969482422,49.498997995991985,FINAL_CLOSE_OFFICIAL_SKEW_WITH_LAST_VALID_INTRADAY_PROXY,2026-09-17
2026-09-17T14:17:56.809517-04:00,2026-10-16,29,7630.47998046875,2.492116802215574,1.2200061720750668,145.9499969482422,49.498997995991985,FINAL_CLOSE_OFFICIAL_SKEW_WITH_LAST_VALID_INTRADAY_PROXY,2026-09-17
2026-09-17T14:28:51.710420-04:00,2026-10-16,29,7630.47998046875,2.492116802215574,1.2200061720750668,145.9499969482422,49.498997995991985,FINAL_CLOSE_OFFICIAL_SKEW_WITH_LAST_VALID_INTRADAY_PROXY,2026-09-17
2026-09-17T14:42:13.178226-04:00,2026-10-16,29,7630.47998046875,2.492116802215574,1.2200061720750668,145.9499969482422,49.498997995991985,FINAL_CLOSE_OFFICIAL_SKEW_WITH_LAST_VALID_INTRADAY_PROXY,2026-09-17
2026-09-17T14:52:37.392186-04:00,2026-10-16,29,7633.919921875,2.43546911430359,1.2159397203077718,145.9499969482422,49.498997995991985,LIVE_SPX_OPTIONS,2026-09-17
2026-09-17T15:05:23.514094-04:00,2026-10-16,29,7633.919921875,2.43546911430359,1.2159397203077718,145.9499969482422,49.498997995991985,FINAL_CLOSE_OFFICIAL_SKEW_WITH_LAST_VALID_INTRADAY_PROXY,2026-09-17
2026-09-17T15:12:34.342149-04:00,2026-10-16,29,7633.919921875,2.43546911430359,1.2159397203077718,145.9499969482422,49.498997995991985,FINAL_CLOSE_OFFICIAL_SKEW_WITH_LAST_VALID_INTRADAY_PROXY,2026-09-17
2026-09-17T15:26:58.828576-04:00,2026-10-16,29,7633.919921875,2.43546911430359,1.2159397203077718,145.9499969482422,49.498997995991985,FINAL_CLOSE_OFFICIAL_SKEW_WITH_LAST_VALID_INTRADAY_PROXY,2026-09-17
2026-09-17T15:36:03.157156-04:00,2026-10-16,29,7640.080078125,2.3799658241272033,1.2130615254921207,145.9499969482422,49.498997995991985,LIVE_SPX_OPTIONS,2026-09-17
2026-09-17T15:42:26.891068-04:00,2026-10-16,29,7640.080078125,2.3799658241272033,1.2130615254921207,145.9499969482422,49.498997995991985,FINAL_CLOSE_OFFICIAL_SKEW_WITH_LAST_VALID_INTRADAY_PROXY,2026-09-17
2026-09-17T15:53:19.933705-04:00,2026-10-16,29,7640.080078125,2.3799658241272033,1.2130615254921207,145.9499969482422,49.498997995991985,FINAL_CLOSE_OFFICIAL_SKEW_WITH_LAST_VALID_INTRADAY_PROXY,2026-09-17
2026-09-17T16:00:17.512451-04:00,2026-10-16,29,7642.419921875,2.4223085403442397,1.2167041610021625,145.9499969482422,49.59839357429719,LIVE_SPX_OPTIONS,2026-09-17
2026-09-17T16:17:42.552444-04:00,2026-10-16,29,7642.419921875,2.4223085403442397,1.2167041610021625,145.9499969482422,49.59839357429719,FINAL_CLOSE_OFFICIAL_SKEW_WITH_LAST_VALID_INTRADAY_PROXY,2026-09-17
2026-09-17T16:28:21.326455-04:00,2026-10-16,29,7642.419921875,2.4223085403442397,1.2167041610021625,145.9499969482422,49.59839357429719,FINAL_CLOSE_OFFICIAL_SKEW_WITH_LAST_VALID_INTRADAY_PROXY,2026-09-17
2026-09-17T16:38:51.167718-04:00,2026-10-16,29,7642.419921875,2.4223085403442397,1.2167041610021625,145.9499969482422,49.59839357429719,FINAL_CLOSE_OFFICIAL_SKEW_WITH_LAST_VALID_INTRADAY_PROXY,2026-09-17
2026-09-18T10:25:50.598476-04:00,2026-10-19,31,7628.0400390625,2.7484618949890183,1.2508563107579171,145.6999969482422,47.69539078156313,LIVE_SPX_OPTIONS,2026-09-18
2026-09-18T10:34:32.693538-04:00,2026-10-19,31,7628.0400390625,2.7484618949890183,1.2508563107579171,145.6999969482422,47.69539078156313,FINAL_CLOSE_OFFICIAL_SKEW_WITH_LAST_VALID_INTRADAY_PROXY,2026-09-18
2026-09-18T10:42:10.174855-04:00,2026-10-19,31,7622.93017578125,2.5443776321411162,1.2312630032889553,145.6999969482422,47.69539078156313,LIVE_SPX_OPTIONS,2026-09-18
2026-09-18T10:54:18.825940-04:00,2026-10-19,31,7622.93017578125,2.5443776321411162,1.2312630032889553,145.6999969482422,47.69539078156313,FINAL_CLOSE_OFFICIAL_SKEW_WITH_LAST_VALID_INTRADAY_PROXY,2026-09-18
2026-09-18T11:03:19.821600-04:00,2026-10-19,31,7622.93017578125,2.5443776321411162,1.2312630032889553,145.6999969482422,47.69539078156313,FINAL_CLOSE_OFFICIAL_SKEW_WITH_LAST_VALID_INTRADAY_PROXY,2026-09-18
2026-09-18T11:11:32.046122-04:00,2026-10-19,31,7622.93017578125,2.5443776321411162,1.2312630032889553,145.6999969482422,47.69539078156313,FINAL_CLOSE_OFFICIAL_SKEW_WITH_LAST_VALID_INTRADAY_PROXY,2026-09-18
2026-09-18T11:20:54.975099-04:00,2026-10-19,31,7622.93017578125,2.5443776321411162,1.2312630032889553,145.6999969482422,47.69539078156313,FINAL_CLOSE_OFFICIAL_SKEW_WITH_LAST_VALID_INTRADAY_PROXY,2026-09-18
2026-09-18T11:32:12.493979-04:00,2026-10-19,31,7626.2001953125,2.523206274032594,1.2309038592816541,145.6999969482422,47.69539078156313,LIVE_SPX_OPTIONS,2026-09-18
2026-09-18T11:43:05.819354-04:00,2026-10-19,31,7626.2001953125,2.523206274032594,1.2309038592816541,145.6999969482422,47.69539078156313,FINAL_CLOSE_OFFICIAL_SKEW_WITH_LAST_VALID_INTRADAY_PROXY,2026-09-18
2026-09-18T11:54:11.819852-04:00,2026-10-19,31,7624.740234375,2.559445535659795,1.234765180775107,145.6999969482422,47.69539078156313,LIVE_SPX_OPTIONS,2026-09-18
2026-09-18T12:01:15.618867-04:00,2026-10-19,31,7624.740234375,2.559445535659795,1.234765180775107,145.6999969482422,47.69539078156313,FINAL_CLOSE_OFFICIAL_SKEW_WITH_LAST_VALID_INTRADAY_PROXY,2026-09-18
2026-09-18T12:06:01.030931-04:00,2026-10-19,31,7623.080078125,2.659580337524417,1.2448281160815924,145.6999969482422,47.69539078156313,LIVE_SPX_OPTIONS,2026-09-18
2026-09-18T12:15:28.989736-04:00,2026-10-19,31,7623.080078125,2.659580337524417,1.2448281160815924,145.6999969482422,47.69539078156313,FINAL_CLOSE_OFFICIAL_SKEW_WITH_LAST_VALID_INTRADAY_PROXY,2026-09-18
2026-09-18T12:26:04.066254-04:00,2026-10-19,31,7623.080078125,2.659580337524417,1.2448281160815924,145.6999969482422,47.69539078156313,FINAL_CLOSE_OFFICIAL_SKEW_WITH_LAST_VALID_INTRADAY_PROXY,2026-09-18
2026-09-18T12:32:59.746777-04:00,2026-10-19,31,7620.7998046875,2.659961803436281,1.2449449459019803,145.6999969482422,47.69539078156313,LIVE_SPX_OPTIONS,2026-09-18
2026-09-18T12:40:03.157257-04:00,2026-10-19,31,7620.7998046875,2.659961803436281,1.2449449459019803,145.6999969482422,47.69539078156313,FINAL_CLOSE_OFFICIAL_SKEW_WITH_LAST_VALID_INTRADAY_PROXY,2026-09-18
2026-09-18T12:46:55.846579-04:00,2026-10-19,31,7620.7998046875,2.659961803436281,1.2449449459019803,145.6999969482422,47.69539078156313,FINAL_CLOSE_OFFICIAL_SKEW_WITH_LAST_VALID_INTRADAY_PROXY,2026-09-18
2026-09-18T12:55:11.919907-04:00,2026-10-19,31,7620.7998046875,2.659961803436281,1.2449449459019803,145.6999969482422,47.69539078156313,FINAL_CLOSE_OFFICIAL_SKEW_WITH_LAST_VALID_INTRADAY_PROXY,2026-09-18
2026-09-18T13:00:04.823788-04:00,2026-10-19,31,7621.27978515625,2.627155735015871,1.2422728993026932,145.6999969482422,47.69539078156313,LIVE_SPX_OPTIONS,2026-09-18
2026-09-18T13:10:28.685076-04:00,2026-10-19,31,7621.27978515625,2.627155735015871,1.2422728993026932,145.6999969482422,47.69539078156313,FINAL_CLOSE_OFFICIAL_SKEW_WITH_LAST_VALID_INTRADAY_PROXY,2026-09-18
2026-09-18T13:20:27.838502-04:00,2026-10-19,31,7621.27978515625,2.627155735015871,1.2422728993026932,145.6999969482422,47.69539078156313,FINAL_CLOSE_OFFICIAL_SKEW_WITH_LAST_VALID_INTRADAY_PROXY,2026-09-18
2026-09-18T13:32:35.116612-04:00,2026-10-19,31,7621.27978515625,2.627155735015871,1.2422728993026932,145.6999969482422,47.69539078156313,FINAL_CLOSE_OFFICIAL_SKEW_WITH_LAST_VALID_INTRADAY_PROXY,2026-09-18
2026-09-18T13:40:45.813746-04:00,2026-10-19,31,7621.27978515625,2.627155735015871,1.2422728993026932,145.6999969482422,47.69539078156313,FINAL_CLOSE_OFFICIAL_SKEW_WITH_LAST_VALID_INTRADAY_PROXY,2026-09-18
2026-09-18T13:48:58.218531-04:00,2026-10-19,31,7621.27978515625,2.627155735015871,1.2422728993026932,145.6999969482422,47.69539078156313,FINAL_CLOSE_OFFICIAL_SKEW_WITH_LAST_VALID_INTRADAY_PROXY,2026-09-18
2026-09-18T13:59:36.727864-04:00,2026-10-19,31,7621.27978515625,2.627155735015871,1.2422728993026932,145.6999969482422,47.69539078156313,FINAL_CLOSE_OFFICIAL_SKEW_WITH_LAST_VALID_INTRADAY_PROXY,2026-09-18
2026-09-18T14:07:48.550408-04:00,2026-10-19,31,7621.27978515625,2.627155735015871,1.2422728993026932,145.6999969482422,47.69539078156313,FINAL_CLOSE_OFFICIAL_SKEW_WITH_LAST_VALID_INTRADAY_PROXY,2026-09-18
2026-09-18T14:18:42.544119-04:00,2026-10-19,31,7621.27978515625,2.627155735015871,1.2422728993026932,145.6999969482422,47.69539078156313,FINAL_CLOSE_OFFICIAL_SKEW_WITH_LAST_VALID_INTRADAY_PROXY,2026-09-18
2026-09-18T14:29:35.821284-04:00,2026-10-19,31,7621.27978515625,2.627155735015871,1.2422728993026932,145.6999969482422,47.69539078156313,FINAL_CLOSE_OFFICIAL_SKEW_WITH_LAST_VALID_INTRADAY_PROXY,2026-09-18
2026-09-18T14:39:50.461177-04:00,2026-10-19,31,7621.27978515625,2.627155735015871,1.2422728993026932,145.6999969482422,47.69539078156313,FINAL_CLOSE_OFFICIAL_SKEW_WITH_LAST_VALID_INTRADAY_PROXY,2026-09-18
2026-09-18T14:52:14.030483-04:00,2026-10-19,31,7633.56005859375,2.1934289932250968,1.2030322677367624,145.6999969482422,47.69539078156313,LIVE_SPX_OPTIONS,2026-09-18
2026-09-18T14:59:10.881303-04:00,2026-10-19,31,7635.27978515625,2.2594225959777807,1.2111690233024255,145.6999969482422,47.69539078156313,LIVE_SPX_OPTIONS,2026-09-18
2026-09-18T15:06:30.942358-04:00,2026-10-19,31,7635.27978515625,2.2594225959777807,1.2111690233024255,145.6999969482422,47.69539078156313,FINAL_CLOSE_OFFICIAL_SKEW_WITH_LAST_VALID_INTRADAY_PROXY,2026-09-18
2026-09-18T15:13:13.947390-04:00,2026-10-19,31,7635.27978515625,2.2594225959777807,1.2111690233024255,145.6999969482422,47.69539078156313,FINAL_CLOSE_OFFICIAL_SKEW_WITH_LAST_VALID_INTRADAY_PROXY,2026-09-18
2026-09-18T15:23:26.390071-04:00,2026-10-19,31,7635.27978515625,2.2594225959777807,1.2111690233024255,145.6999969482422,47.69539078156313,FINAL_CLOSE_OFFICIAL_SKEW_WITH_LAST_VALID_INTRADAY_PROXY,2026-09-18
2026-09-18T15:35:48.236513-04:00,2026-10-19,31,7635.27978515625,2.2594225959777807,1.2111690233024255,145.6999969482422,47.69539078156313,FINAL_CLOSE_OFFICIAL_SKEW_WITH_LAST_VALID_INTRADAY_PROXY,2026-09-18
2026-09-18T15:42:36.770125-04:00,2026-10-19,31,7635.27978515625,2.2594225959777807,1.2111690233024255,145.6999969482422,47.69539078156313,FINAL_CLOSE_OFFICIAL_SKEW_WITH_LAST_VALID_INTRADAY_PROXY,2026-09-18
2026-09-18T15:51:05.986058-04:00,2026-10-19,31,7635.27978515625,2.2594225959777807,1.2111690233024255,145.6999969482422,47.69539078156313,FINAL_CLOSE_OFFICIAL_SKEW_WITH_LAST_VALID_INTRADAY_PROXY,2026-09-18
2026-09-18T16:01:23.931463-04:00,2026-10-19,31,7635.27978515625,2.2594225959777807,1.2111690233024255,145.6999969482422,47.791164658634536,FINAL_CLOSE_OFFICIAL_SKEW_WITH_LAST_VALID_INTRADAY_PROXY,2026-09-18
2026-09-18T16:08:02.620225-04:00,2026-10-19,31,7642.52978515625,2.0725042991638145,1.192853649070772,145.6999969482422,47.791164658634536,LIVE_SPX_OPTIONS,2026-09-18
2026-09-18T16:22:20.149362-04:00,2026-10-19,31,7642.52978515625,2.0725042991638145,1.192853649070772,145.6999969482422,47.791164658634536,FINAL_CLOSE_OFFICIAL_SKEW_WITH_LAST_VALID_INTRADAY_PROXY,2026-09-18
2026-09-18T16:30:33.387007-04:00,2026-10-19,31,7642.52978515625,2.0725042991638145,1.192853649070772,145.6999969482422,47.791164658634536,FINAL_CLOSE_OFFICIAL_SKEW_WITH_LAST_VALID_INTRADAY_PROXY,2026-09-18
2026-09-18T16:43:41.908245-04:00,2026-10-19,31,7642.52978515625,2.0725042991638145,1.192853649070772,145.6999969482422,47.791164658634536,FINAL_CLOSE_OFFICIAL_SKEW_WITH_LAST_VALID_INTRADAY_PROXY,2026-09-18
2026-09-21T10:30:00.423184-04:00,2026-10-21,30,7708.7001953125,1.4858097267150872,1.1332962751837246,148.10000610351562,57.947686116700204,LIVE_SPX_OPTIONS,2026-09-21
2026-09-21T10:37:47.755579-04:00,2026-10-21,30,7708.7001953125,1.4858097267150872,1.1332962751837246,148.10000610351562,57.947686116700204,FINAL_CLOSE_OFFICIAL_SKEW_WITH_LAST_VALID_INTRADAY_PROXY,2026-09-21
2026-09-21T10:50:38.463374-04:00,2026-10-21,30,7708.7001953125,1.4858097267150872,1.1332962751837246,148.10000610351562,57.947686116700204,FINAL_CLOSE_OFFICIAL_SKEW_WITH_LAST_VALID_INTRADAY_PROXY,2026-09-21
2026-09-21T11:01:45.705662-04:00,2026-10-21,30,7708.7001953125,1.4858097267150872,1.1332962751837246,148.10000610351562,57.947686116700204,FINAL_CLOSE_OFFICIAL_SKEW_WITH_LAST_VALID_INTRADAY_PROXY,2026-09-21
2026-09-21T11:06:54.649789-04:00,2026-10-21,30,7720.2900390625,1.3709884872436544,1.1241059748374262,148.10000610351562,57.947686116700204,LIVE_SPX_OPTIONS,2026-09-21
2026-09-21T11:19:03.159923-04:00,2026-10-21,30,7720.2900390625,1.3709884872436544,1.1241059748374262,148.10000610351562,57.947686116700204,FINAL_CLOSE_OFFICIAL_SKEW_WITH_LAST_VALID_INTRADAY_PROXY,2026-09-21
2026-09-21T11:29:08.641048-04:00,2026-10-21,30,7720.2900390625,1.3709884872436544,1.1241059748374262,148.10000610351562,57.947686116700204,FINAL_CLOSE_OFFICIAL_SKEW_WITH_LAST_VALID_INTRADAY_PROXY,2026-09-21
2026-09-21T11:35:42.546411-04:00,2026-10-21,30,7730.759765625,1.1382942810058596,1.1001086250166658,148.10000610351562,57.947686116700204,LIVE_SPX_OPTIONS,2026-09-21
2026-09-21T11:54:11.393444-04:00,2026-10-21,30,7730.759765625,1.1382942810058596,1.1001086250166658,148.10000610351562,57.947686116700204,FINAL_CLOSE_OFFICIAL_SKEW_WITH_LAST_VALID_INTRADAY_PROXY,2026-09-21
2026-09-21T12:02:43.632201-04:00,2026-10-21,30,7730.759765625,1.1382942810058596,1.1001086250166658,148.10000610351562,57.947686116700204,FINAL_CLOSE_OFFICIAL_SKEW_WITH_LAST_VALID_INTRADAY_PROXY,2026-09-21
2026-09-21T12:07:05.317052-04:00,2026-10-21,30,7730.759765625,1.1382942810058596,1.1001086250166658,148.10000610351562,57.947686116700204,FINAL_CLOSE_OFFICIAL_SKEW_WITH_LAST_VALID_INTRADAY_PROXY,2026-09-21
2026-09-21T12:18:52.025653-04:00,2026-10-21,30,7730.759765625,1.1382942810058596,1.1001086250166658,148.10000610351562,57.947686116700204,FINAL_CLOSE_OFFICIAL_SKEW_WITH_LAST_VALID_INTRADAY_PROXY,2026-09-21
2026-09-21T12:37:50.696294-04:00,2026-10-21,30,7730.759765625,1.1382942810058596,1.1001086250166658,148.10000610351562,57.947686116700204,FINAL_CLOSE_OFFICIAL_SKEW_WITH_LAST_VALID_INTRADAY_PROXY,2026-09-21
2026-09-21T12:48:32.141062-04:00,2026-10-21,30,7730.759765625,1.1382942810058596,1.1001086250166658,148.10000610351562,57.947686116700204,FINAL_CLOSE_OFFICIAL_SKEW_WITH_LAST_VALID_INTRADAY_PROXY,2026-09-21
2026-09-21T13:00:59.371407-04:00,2026-10-21,30,7730.759765625,1.1382942810058596,1.1001086250166658,148.10000610351562,57.947686116700204,FINAL_CLOSE_OFFICIAL_SKEW_WITH_LAST_VALID_INTRADAY_PROXY,2026-09-21
2026-09-21T13:08:57.890652-04:00,2026-10-21,30,7750.97021484375,1.1735798778533924,1.1018148241172443,148.10000610351562,57.947686116700204,LIVE_SPX_OPTIONS,2026-09-21
2026-09-21T13:15:23.214336-04:00,2026-10-21,30,7753.77978515625,1.0785948657989515,1.0938975041801777,148.10000610351562,57.947686116700204,LIVE_SPX_OPTIONS,2026-09-21
2026-09-21T13:28:05.554329-04:00,2026-10-21,30,7753.77978515625,1.0785948657989515,1.0938975041801777,148.10000610351562,57.947686116700204,FINAL_CLOSE_OFFICIAL_SKEW_WITH_LAST_VALID_INTRADAY_PROXY,2026-09-21
2026-09-21T13:32:49.738913-04:00,2026-10-21,30,7753.77978515625,1.0785948657989515,1.0938975041801777,148.10000610351562,57.947686116700204,FINAL_CLOSE_OFFICIAL_SKEW_WITH_LAST_VALID_INTRADAY_PROXY,2026-09-21
2026-09-21T13:44:25.404162-04:00,2026-10-21,30,7753.77978515625,1.0785948657989515,1.0938975041801777,148.10000610351562,57.947686116700204,FINAL_CLOSE_OFFICIAL_SKEW_WITH_LAST_VALID_INTRADAY_PROXY,2026-09-21
2026-09-21T13:49:48.259832-04:00,2026-10-21,30,7753.77978515625,1.0785948657989515,1.0938975041801777,148.10000610351562,57.947686116700204,FINAL_CLOSE_OFFICIAL_SKEW_WITH_LAST_VALID_INTRADAY_PROXY,2026-09-21
2026-09-21T13:57:27.867598-04:00,2026-10-21,30,7753.77978515625,1.0785948657989515,1.0938975041801777,148.10000610351562,57.947686116700204,FINAL_CLOSE_OFFICIAL_SKEW_WITH_LAST_VALID_INTRADAY_PROXY,2026-09-21
2026-09-21T14:05:47.209047-04:00,2026-10-21,30,7753.77978515625,1.0785948657989515,1.0938975041801777,148.10000610351562,57.947686116700204,FINAL_CLOSE_OFFICIAL_SKEW_WITH_LAST_VALID_INTRADAY_PROXY,2026-09-21
2026-09-21T14:12:22.499777-04:00,2026-10-21,30,7758.31005859375,1.2435788726806618,1.1086137302670815,148.10000610351562,57.947686116700204,LIVE_SPX_OPTIONS,2026-09-21
2026-09-21T14:22:37.566271-04:00,2026-10-21,30,7758.31005859375,1.2435788726806618,1.1086137302670815,148.10000610351562,57.947686116700204,FINAL_CLOSE_OFFICIAL_SKEW_WITH_LAST_VALID_INTRADAY_PROXY,2026-09-21
2026-09-21T14:33:09.714712-04:00,2026-10-21,30,7758.31005859375,1.2435788726806618,1.1086137302670815,148.10000610351562,57.947686116700204,FINAL_CLOSE_OFFICIAL_SKEW_WITH_LAST_VALID_INTRADAY_PROXY,2026-09-21
2026-09-21T14:48:19.277496-04:00,2026-10-21,30,7758.31005859375,1.2435788726806618,1.1086137302670815,148.10000610351562,57.947686116700204,FINAL_CLOSE_OFFICIAL_SKEW_WITH_LAST_VALID_INTRADAY_PROXY,2026-09-21
2026-09-21T15:00:44.054122-04:00,2026-10-21,30,7758.31005859375,1.2435788726806618,1.1086137302670815,148.10000610351562,57.947686116700204,FINAL_CLOSE_OFFICIAL_SKEW_WITH_LAST_VALID_INTRADAY_PROXY,2026-09-21
2026-09-21T15:05:41.335085-04:00,2026-10-21,30,7758.31005859375,1.2435788726806618,1.1086137302670815,148.10000610351562,57.947686116700204,FINAL_CLOSE_OFFICIAL_SKEW_WITH_LAST_VALID_INTRADAY_PROXY,2026-09-21
2026-09-21T15:19:20.914169-04:00,2026-10-21,30,7758.31005859375,1.2435788726806618,1.1086137302670815,148.10000610351562,57.947686116700204,FINAL_CLOSE_OFFICIAL_SKEW_WITH_LAST_VALID_INTRADAY_PROXY,2026-09-21
2026-09-21T15:24:17.848088-04:00,2026-10-21,30,7758.31005859375,1.2435788726806618,1.1086137302670815,148.10000610351562,57.947686116700204,FINAL_CLOSE_OFFICIAL_SKEW_WITH_LAST_VALID_INTRADAY_PROXY,2026-09-21
2026-09-21T15:35:48.141345-04:00,2026-10-21,30,7772.93017578125,1.1112102012634282,1.0973543497062535,148.10000610351562,57.947686116700204,LIVE_SPX_OPTIONS,2026-09-21
2026-09-21T15:47:32.382873-04:00,2026-10-21,30,7772.93017578125,1.1112102012634282,1.0973543497062535,148.10000610351562,57.947686116700204,FINAL_CLOSE_OFFICIAL_SKEW_WITH_LAST_VALID_INTRADAY_PROXY,2026-09-21
2026-09-21T15:52:36.790344-04:00,2026-10-21,30,7772.93017578125,1.1112102012634282,1.0973543497062535,148.10000610351562,57.947686116700204,FINAL_CLOSE_OFFICIAL_SKEW_WITH_LAST_VALID_INTRADAY_PROXY,2026-09-21
2026-09-21T15:57:25.178045-04:00,2026-10-21,30,7772.93017578125,1.1112102012634282,1.0973543497062535,148.10000610351562,57.947686116700204,FINAL_CLOSE_OFFICIAL_SKEW_WITH_LAST_VALID_INTRADAY_PROXY,2026-09-21
2026-09-21T16:02:33.889684-04:00,2026-10-21,30,7772.93017578125,1.1112102012634282,1.0973543497062535,148.10000610351562,57.947686116700204,FINAL_CLOSE_OFFICIAL_SKEW_WITH_LAST_VALID_INTRADAY_PROXY,2026-09-21
2026-09-21T16:07:39.134152-04:00,2026-10-21,30,7772.93017578125,1.1112102012634282,1.0973543497062535,148.10000610351562,57.947686116700204,FINAL_CLOSE_OFFICIAL_SKEW_WITH_LAST_VALID_INTRADAY_PROXY,2026-09-21
2026-09-21T16:23:23.448179-04:00,2026-10-21,30,7764.22021484375,1.1892199802398682,1.104727883735631,148.10000610351562,57.947686116700204,LIVE_SPX_OPTIONS,2026-09-21
2026-09-21T16:32:42.185723-04:00,2026-10-21,30,7764.22021484375,1.473602817535398,1.1302971303921336,148.10000610351562,57.947686116700204,LIVE_SPX_OPTIONS,2026-09-21
2026-09-21T16:45:06.768717-04:00,2026-10-21,30,7764.22021484375,1.32197011756897,1.1164184381991433,148.10000610351562,57.947686116700204,LIVE_SPX_OPTIONS,2026-09-21
2026-09-22T09:56:21.798473-04:00,2026-10-22,30,7778.14990234375,1.056660575866697,1.09233603734428,142.19000244140625,29.718875502008032,LIVE_SPX_OPTIONS,2026-09-22
2026-09-22T10:00:53.581763-04:00,2026-10-22,30,7774.330078125,0.8464728584289566,1.0736142471297647,142.19000244140625,29.718875502008032,LIVE_SPX_OPTIONS,2026-09-22
2026-09-22T10:13:35.120754-04:00,2026-10-22,30,7774.330078125,0.8464728584289566,1.0736142471297647,142.19000244140625,29.718875502008032,FINAL_CLOSE_OFFICIAL_SKEW_WITH_LAST_VALID_INTRADAY_PROXY,2026-09-22
2026-09-22T10:25:14.456060-04:00,2026-10-22,30,7769.2998046875,1.0167973880767844,1.0910702269690715,142.19000244140625,29.718875502008032,LIVE_SPX_OPTIONS,2026-09-22
2026-09-22T10:34:22.711310-04:00,2026-10-22,30,7769.2998046875,1.0167973880767844,1.0910702269690715,142.19000244140625,29.718875502008032,FINAL_CLOSE_OFFICIAL_SKEW_WITH_LAST_VALID_INTRADAY_PROXY,2026-09-22
2026-09-22T10:46:42.350989-04:00,2026-10-22,30,7768.81982421875,1.1098750705719,1.1003981367869828,142.19000244140625,29.718875502008032,LIVE_SPX_OPTIONS,2026-09-22
2026-09-22T10:56:24.525249-04:00,2026-10-22,30,7763.7900390625,1.179874065399171,1.105614968887317,142.19000244140625,29.718875502008032,LIVE_SPX_OPTIONS,2026-09-22
2026-09-22T11:05:51.343072-04:00,2026-10-22,30,7763.7900390625,1.179874065399171,1.105614968887317,142.19000244140625,29.718875502008032,FINAL_CLOSE_OFFICIAL_SKEW_WITH_LAST_VALID_INTRADAY_PROXY,2026-09-22
2026-09-22T11:18:17.262676-04:00,2026-10-22,30,7766.669921875,1.0255711040496842,1.0929597423509556,142.19000244140625,29.718875502008032,LIVE_SPX_OPTIONS,2026-09-22
2026-09-22T11:27:56.044893-04:00,2026-10-22,30,7764.259765625,0.9324934215545644,1.084409176351411,142.19000244140625,29.718875502008032,LIVE_SPX_OPTIONS,2026-09-22
2026-09-22T11:40:14.647176-04:00,2026-10-22,30,7765.43017578125,0.9723566093444824,1.0888072193336202,142.19000244140625,29.718875502008032,LIVE_SPX_OPTIONS,2026-09-22
2026-09-22T11:56:54.665085-04:00,2026-10-22,30,7757.1298828125,1.2246963100433397,1.111114489533756,142.19000244140625,29.718875502008032,LIVE_SPX_OPTIONS,2026-09-22
2026-09-22T12:03:58.139403-04:00,2026-10-22,30,7759.72998046875,1.213824531555177,1.10964617017952,142.19000244140625,29.718875502008032,LIVE_SPX_OPTIONS,2026-09-22
2026-09-22T12:09:09.549307-04:00,2026-10-22,30,7759.81005859375,1.218783588409425,1.1102574965900873,142.19000244140625,29.718875502008032,LIVE_SPX_OPTIONS,2026-09-22
2026-09-22T12:22:11.586740-04:00,2026-10-22,30,7761.47998046875,1.242434474945067,1.1125427204513392,142.19000244140625,29.718875502008032,LIVE_SPX_OPTIONS,2026-09-22
2026-09-22T12:30:59.968629-04:00,2026-10-22,30,7761.8798828125,0.7886807727813707,1.0709661173568006,142.19000244140625,29.718875502008032,LIVE_SPX_OPTIONS,2026-09-22
2026-09-22T12:42:39.536429-04:00,2026-10-22,30,7758.75,1.1398201446533196,1.1034711256775702,142.19000244140625,29.718875502008032,LIVE_SPX_OPTIONS,2026-09-22
2026-09-22T12:53:03.351984-04:00,2026-10-22,30,7758.75,1.1398201446533196,1.1034711256775702,142.19000244140625,29.718875502008032,FINAL_CLOSE_OFFICIAL_SKEW_WITH_LAST_VALID_INTRADAY_PROXY,2026-09-22
2026-09-22T12:59:44.745932-04:00,2026-10-22,30,7760.68994140625,1.1638524971008326,1.1057186423450407,142.19000244140625,29.718875502008032,LIVE_SPX_OPTIONS,2026-09-22
2026-09-22T13:06:11.900677-04:00,2026-10-22,30,7766.5,0.933637819290159,1.0850575915611502,142.19000244140625,29.718875502008032,LIVE_SPX_OPTIONS,2026-09-22
2026-09-22T13:11:14.582554-04:00,2026-10-22,30,7764.919921875,0.8415138015747059,1.0759939634945284,142.19000244140625,29.718875502008032,LIVE_SPX_OPTIONS,2026-09-22
2026-09-22T13:28:40.859246-04:00,2026-10-22,30,7763.39013671875,0.7631225566864019,1.0686275013405555,142.19000244140625,29.718875502008032,LIVE_SPX_OPTIONS,2026-09-22
2026-09-22T13:40:48.709388-04:00,2026-10-22,30,7763.39013671875,0.7631225566864019,1.0686275013405555,142.19000244140625,29.718875502008032,FINAL_CLOSE_OFFICIAL_SKEW_WITH_LAST_VALID_INTRADAY_PROXY,2026-09-22
2026-09-22T13:46:14.309736-04:00,2026-10-22,30,7765.830078125,0.8649739551544217,1.0784151081636313,142.19000244140625,29.718875502008032,LIVE_SPX_OPTIONS,2026-09-22
2026-09-22T13:52:32.152071-04:00,2026-10-22,30,7765.830078125,0.8649739551544217,1.0784151081636313,142.19000244140625,29.718875502008032,FINAL_CLOSE_OFFICIAL_SKEW_WITH_LAST_VALID_INTRADAY_PROXY,2026-09-22
2026-09-22T13:58:43.211043-04:00,2026-10-22,30,7764.14013671875,0.7495805168151861,1.0673900171267285,142.19000244140625,29.718875502008032,LIVE_SPX_OPTIONS,2026-09-22
2026-09-22T14:04:21.013820-04:00,2026-10-22,30,7763.85009765625,0.8029857444763187,1.0726949448317382,142.19000244140625,29.718875502008032,LIVE_SPX_OPTIONS,2026-09-22
2026-09-22T14:09:40.718545-04:00,2026-10-22,30,7771.85986328125,0.9906669731140114,1.0899250013729627,142.19000244140625,29.718875502008032,LIVE_SPX_OPTIONS,2026-09-22
2026-09-22T14:25:13.088544-04:00,2026-10-22,30,7771.85986328125,0.9906669731140114,1.0899250013729627,142.19000244140625,29.718875502008032,FINAL_CLOSE_OFFICIAL_SKEW_WITH_LAST_VALID_INTRADAY_PROXY,2026-09-22
2026-09-22T14:36:59.547853-04:00,2026-10-22,30,7771.830078125,0.9090332679748527,1.0817253999048315,142.19000244140625,29.718875502008032,LIVE_SPX_OPTIONS,2026-09-22
2026-09-22T14:51:21.173684-04:00,2026-10-22,30,7768.85009765625,0.7612152271270753,1.068210279089236,142.19000244140625,29.718875502008032,LIVE_SPX_OPTIONS,2026-09-22
2026-09-22T14:56:49.238537-04:00,2026-10-22,30,7769.4599609375,0.8468543243408205,1.0762267839037583,142.19000244140625,29.718875502008032,LIVE_SPX_OPTIONS,2026-09-22
2026-09-22T15:11:04.616830-04:00,2026-10-22,30,7769.4599609375,0.8468543243408205,1.0762267839037583,142.19000244140625,29.718875502008032,FINAL_CLOSE_OFFICIAL_SKEW_WITH_LAST_VALID_INTRADAY_PROXY,2026-09-22
2026-09-22T15:15:37.123371-04:00,2026-10-22,30,7768.1298828125,0.8756550006866468,1.079379291724805,142.19000244140625,29.718875502008032,LIVE_SPX_OPTIONS,2026-09-22
2026-09-22T15:27:48.390078-04:00,2026-10-22,30,7770.47021484375,0.9132293930053714,1.082897258588725,142.19000244140625,29.718875502008032,LIVE_SPX_OPTIONS,2026-09-22
2026-09-22T15:33:15.944831-04:00,2026-10-22,30,7772.2998046875,0.9174255180358887,1.0832781566022907,142.19000244140625,29.718875502008032,LIVE_SPX_OPTIONS,2026-09-22
2026-09-22T15:45:01.051338-04:00,2026-10-22,30,7773.89990234375,0.9479427909851081,1.086115417319711,142.19000244140625,29.718875502008032,LIVE_SPX_OPTIONS,2026-09-22
2026-09-22T15:48:19.556672-04:00,2026-10-22,30,7776.93017578125,0.9570979728698705,1.0874776205716072,142.19000244140625,29.718875502008032,LIVE_SPX_OPTIONS,2026-09-22
2026-09-22T16:01:44.111056-04:00,2026-10-22,30,7775.14990234375,0.8272088298797609,1.0743435887949564,142.19000244140625,29.718875502008032,LIVE_SPX_OPTIONS,2026-09-22
2026-09-22T16:17:21.647992-04:00,2026-10-22,30,7764.27001953125,0.7488175849914527,1.067233806564623,142.19000244140625,29.718875502008032,LIVE_SPX_OPTIONS,2026-09-22
2026-09-22T16:26:22.466425-04:00,2026-10-22,30,7764.27001953125,0.6835869140625006,1.061342297914739,142.19000244140625,29.718875502008032,LIVE_SPX_OPTIONS,2026-09-22
2026-09-22T16:37:03.386800-04:00,2026-10-22,30,7764.27001953125,0.6835869140625006,1.061342297914739,142.19000244140625,29.718875502008032,FINAL_CLOSE_OFFICIAL_SKEW_WITH_LAST_VALID_INTRADAY_PROXY,2026-09-22
2026-09-23T10:40:59.704567-04:00,2026-10-23,30,7717.02001953125,1.5481794033050542,1.1375500598978123,142.19000244140625,29.718875502008032,LIVE_SPX_OPTIONS,2026-09-23
2026-09-23T10:51:22.341674-04:00,2026-10-23,30,7725.9599609375,1.459488578796389,1.1300514702450866,142.19000244140625,29.718875502008032,LIVE_SPX_OPTIONS,2026-09-23
2026-09-23T11:02:13.503134-04:00,2026-10-23,30,7725.9599609375,1.459488578796389,1.1300514702450866,142.19000244140625,29.718875502008032,FINAL_CLOSE_OFFICIAL_SKEW_WITH_LAST_VALID_INTRADAY_PROXY,2026-09-23
2026-09-23T11:07:24.219725-04:00,2026-10-23,30,7725.9599609375,1.459488578796389,1.1300514702450866,142.19000244140625,29.718875502008032,FINAL_CLOSE_OFFICIAL_SKEW_WITH_LAST_VALID_INTRADAY_PROXY,2026-09-23
2026-09-23T11:21:30.504885-04:00,2026-10-23,30,7726.10986328125,1.3671738281250039,1.122043320649714,142.19000244140625,29.718875502008032,LIVE_SPX_OPTIONS,2026-09-23
2026-09-23T11:28:39.777132-04:00,2026-10-23,30,7726.10986328125,1.3671738281250039,1.122043320649714,142.19000244140625,29.718875502008032,FINAL_CLOSE_OFFICIAL_SKEW_WITH_LAST_VALID_INTRADAY_PROXY,2026-09-23
2026-09-23T11:41:25.660036-04:00,2026-10-23,30,7728.5,1.4699788913726808,1.1310530567773525,142.19000244140625,29.718875502008032,LIVE_SPX_OPTIONS,2026-09-23
2026-09-23T11:52:51.676807-04:00,2026-10-23,30,7728.5,1.4699788913726808,1.1310530567773525,142.19000244140625,29.718875502008032,FINAL_CLOSE_OFFICIAL_SKEW_WITH_LAST_VALID_INTRADAY_PROXY,2026-09-23
2026-09-23T12:03:30.546570-04:00,2026-10-23,30,7728.5,1.4699788913726808,1.1310530567773525,142.19000244140625,29.718875502008032,FINAL_CLOSE_OFFICIAL_SKEW_WITH_LAST_VALID_INTRADAY_PROXY,2026-09-23
2026-09-23T12:08:09.927502-04:00,2026-10-23,30,7728.5,1.4699788913726808,1.1310530567773525,142.19000244140625,29.718875502008032,FINAL_CLOSE_OFFICIAL_SKEW_WITH_LAST_VALID_INTRADAY_PROXY,2026-09-23
2026-09-23T12:21:29.967652-04:00,2026-10-23,30,7728.5,1.4699788913726808,1.1310530567773525,142.19000244140625,29.718875502008032,FINAL_CLOSE_OFFICIAL_SKEW_WITH_LAST_VALID_INTRADAY_PROXY,2026-09-23
2026-09-23T12:33:23.882560-04:00,2026-10-23,30,7728.5,1.4699788913726808,1.1310530567773525,142.19000244140625,29.718875502008032,FINAL_CLOSE_OFFICIAL_SKEW_WITH_LAST_VALID_INTRADAY_PROXY,2026-09-23
2026-09-23T12:43:57.772713-04:00,2026-10-23,30,7728.5,1.4699788913726808,1.1310530567773525,142.19000244140625,29.718875502008032,FINAL_CLOSE_OFFICIAL_SKEW_WITH_LAST_VALID_INTRADAY_PROXY,2026-09-23
2026-09-23T12:56:01.711068-04:00,2026-10-23,30,7728.5,1.4699788913726808,1.1310530567773525,142.19000244140625,29.718875502008032,FINAL_CLOSE_OFFICIAL_SKEW_WITH_LAST_VALID_INTRADAY_PROXY,2026-09-23
2026-09-23T13:02:56.017198-04:00,2026-10-23,30,7708.02978515625,1.5575253181457556,1.1369990725511276,142.19000244140625,29.718875502008032,LIVE_SPX_OPTIONS,2026-09-23
2026-09-23T13:11:21.820342-04:00,2026-10-23,30,7708.02978515625,1.5575253181457556,1.1369990725511276,142.19000244140625,29.718875502008032,FINAL_CLOSE_OFFICIAL_SKEW_WITH_LAST_VALID_INTRADAY_PROXY,2026-09-23
2026-09-23T13:18:04.419546-04:00,2026-10-23,30,7708.02978515625,1.5575253181457556,1.1369990725511276,142.19000244140625,29.718875502008032,FINAL_CLOSE_OFFICIAL_SKEW_WITH_LAST_VALID_INTRADAY_PROXY,2026-09-23
2026-09-23T13:27:59.145973-04:00,2026-10-23,30,7708.02978515625,1.5575253181457556,1.1369990725511276,142.19000244140625,29.718875502008032,FINAL_CLOSE_OFFICIAL_SKEW_WITH_LAST_VALID_INTRADAY_PROXY,2026-09-23
2026-09-23T13:38:15.623862-04:00,2026-10-23,30,7708.02978515625,1.5575253181457556,1.1369990725511276,142.19000244140625,29.718875502008032,FINAL_CLOSE_OFFICIAL_SKEW_WITH_LAST_VALID_INTRADAY_PROXY,2026-09-23
2026-09-23T13:46:23.559218-04:00,2026-10-23,30,7708.02978515625,1.5575253181457556,1.1369990725511276,142.19000244140625,29.718875502008032,FINAL_CLOSE_OFFICIAL_SKEW_WITH_LAST_VALID_INTRADAY_PROXY,2026-09-23
2026-09-23T13:56:51.978459-04:00,2026-10-23,30,7706.56005859375,1.9170569400787345,1.16786570722298,142.19000244140625,29.718875502008032,LIVE_SPX_OPTIONS,2026-09-23
2026-09-23T14:03:19.759973-04:00,2026-10-23,30,7713.93994140625,1.7284220466613751,1.1515910800383187,142.19000244140625,29.718875502008032,LIVE_SPX_OPTIONS,2026-09-23
2026-09-23T14:09:54.857316-04:00,2026-10-23,30,7714.72998046875,1.8138704109191912,1.1598715837943645,142.19000244140625,29.718875502008032,LIVE_SPX_OPTIONS,2026-09-23
2026-09-23T14:17:34.476454-04:00,2026-10-23,30,7714.72998046875,1.8138704109191912,1.1598715837943645,142.19000244140625,29.718875502008032,FINAL_CLOSE_OFFICIAL_SKEW_WITH_LAST_VALID_INTRADAY_PROXY,2026-09-23
2026-09-23T14:32:53.114085-04:00,2026-10-23,30,7714.72998046875,1.8138704109191912,1.1598715837943645,142.19000244140625,29.718875502008032,FINAL_CLOSE_OFFICIAL_SKEW_WITH_LAST_VALID_INTRADAY_PROXY,2026-09-23
2026-09-23T14:44:28.714750-04:00,2026-10-23,30,7714.72998046875,1.8138704109191912,1.1598715837943645,142.19000244140625,29.718875502008032,FINAL_CLOSE_OFFICIAL_SKEW_WITH_LAST_VALID_INTRADAY_PROXY,2026-09-23
2026-09-23T14:56:54.123295-04:00,2026-10-23,30,7714.72998046875,1.8138704109191912,1.1598715837943645,142.19000244140625,29.718875502008032,FINAL_CLOSE_OFFICIAL_SKEW_WITH_LAST_VALID_INTRADAY_PROXY,2026-09-23
2026-09-23T15:06:31.314310-04:00,2026-10-23,30,7714.72998046875,1.8138704109191912,1.1598715837943645,142.19000244140625,29.718875502008032,FINAL_CLOSE_OFFICIAL_SKEW_WITH_LAST_VALID_INTRADAY_PROXY,2026-09-23
2026-09-23T15:12:25.103456-04:00,2026-10-23,30,7711.919921875,1.6261891822814927,1.1433055750303138,142.19000244140625,29.718875502008032,LIVE_SPX_OPTIONS,2026-09-23
2026-09-23T15:21:34.791009-04:00,2026-10-23,30,7711.919921875,1.6261891822814927,1.1433055750303138,142.19000244140625,29.718875502008032,FINAL_CLOSE_OFFICIAL_SKEW_WITH_LAST_VALID_INTRADAY_PROXY,2026-09-23
2026-09-23T15:30:45.682838-04:00,2026-10-23,30,7711.919921875,1.6261891822814927,1.1433055750303138,142.19000244140625,29.718875502008032,FINAL_CLOSE_OFFICIAL_SKEW_WITH_LAST_VALID_INTRADAY_PROXY,2026-09-23
2026-09-23T15:41:50.931361-04:00,2026-10-23,30,7711.919921875,1.6261891822814927,1.1433055750303138,142.19000244140625,29.718875502008032,FINAL_CLOSE_OFFICIAL_SKEW_WITH_LAST_VALID_INTRADAY_PROXY,2026-09-23
2026-09-23T15:55:11.390413-04:00,2026-10-23,30,7711.919921875,1.6261891822814927,1.1433055750303138,142.19000244140625,29.718875502008032,FINAL_CLOSE_OFFICIAL_SKEW_WITH_LAST_VALID_INTRADAY_PROXY,2026-09-23
2026-09-23T16:06:00.773581-04:00,2026-10-23,30,7699.89990234375,1.4339303627014188,1.124607921513847,142.19000244140625,29.77867203219316,LIVE_SPX_OPTIONS,2026-09-23
